,gene,sequence,cDNA/gDNA_log2_norm_average_norm,TFBS,origin,duplicate,insert_length,insert_position_hg38,insert_position_hg38_comment,sequence_name
0,VAV1,GAATGT,1.9737391328612224,MA0090.1.TEAD1,sequence_from_MA0090.1.TEAD1,False,6,6772729,barcode_location,VAV1_GAATGT
1,VAV1,CGGAAT,1.7764848495517904,MA0090.1.TEAD1,sequence_from_MA0090.1.TEAD1,False,6,6772729,barcode_location,VAV1_CGGAAT
2,VAV1,GATGCC,2.1794123547037243,MA0003.2.TFAP2A,sequence_from_MA0003.2.TFAP2A_MA1715.1.ZNF707,False,6,6772729,barcode_location,VAV1_GATGCC
3,VAV1,CCCGTA,2.1689887158345043,MA0003.2.TFAP2A,sequence_from_MA0003.2.TFAP2A,False,6,6772729,barcode_location,VAV1_CCCGTA
4,VAV1,GATGGT,2.369360818517122,MA0139.1.CTCF,sequence_from_MA0139.1.CTCF,False,6,6772729,barcode_location,VAV1_GATGGT
5,VAV1,CATGTG,2.191357724105231,MA0139.1.CTCF,sequence_from_MA0139.1.CTCF,False,6,6772729,barcode_location,VAV1_CATGTG
6,VAV1,GGACCC,2.1467455147750556,MA1715.1.ZNF707,sequence_from_MA1715.1.ZNF707,False,6,6772729,barcode_location,VAV1_GGACCC
7,VAV1,AAAAGG,0.2755925538583408,MA0083.2.SRF,sequence_from_MA0083.2.SRF,False,6,6772729,barcode_location,VAV1_AAAAGG
8,VAV1,ATAAGG,-0.2986514432299838,MA0083.2.SRF,sequence_from_MA0083.2.SRF,False,6,6772729,barcode_location,VAV1_ATAAGG
9,VAV1,GAAAAT,1.5661545260645044,MA0107.1.RELA,sequence_from_MA0107.1.RELA,False,6,6772729,barcode_location,VAV1_GAAAAT
10,VAV1,GGAACC,1.0629442011965924,MA0107.1.RELA,sequence_from_MA0107.1.RELA,False,6,6772729,barcode_location,VAV1_GGAACC
11,VAV1,CGTTAA,0.1132495559090572,MA0777.1.MYBL2,sequence_from_MA0777.1.MYBL2,False,6,6772729,barcode_location,VAV1_CGTTAA
12,VAV1,TTTAAC,-1.4696482317673285,MA0777.1.MYBL2,sequence_from_MA0777.1.MYBL2,False,6,6772729,barcode_location,VAV1_TTTAAC
13,VAV1,CATTCC,-,MA0090.1.TEAD1,motif_from_MA0090.1.TEAD1,False,6,6772729,barcode_location,VAV1_CATTCC
14,VAV1,CCTCAGGG,-,MA0003.2.TFAP2A,motif_from_MA0003.2.TFAP2A,False,8,6772729,barcode_location,VAV1_CCTCAGGG
15,VAV1,CCACCAGGGGGCG,-,MA0139.1.CTCF,motif_from_MA0139.1.CTCF,False,13,6772729,barcode_location,VAV1_CCACCAGGGGGCG
16,VAV1,CCCCACTCCTGGT,-,MA1715.1.ZNF707,motif_from_MA1715.1.ZNF707,False,13,6772729,barcode_location,VAV1_CCCCACTCCTGGT
17,VAV1,CCAAATAAGG,-,MA0083.2.SRF,motif_from_MA0083.2.SRF,False,10,6772729,barcode_location,VAV1_CCAAATAAGG
18,VAV1,GGAATTTCC,-,MA0107.1.RELA,motif_from_MA0107.1.RELA,False,9,6772729,barcode_location,VAV1_GGAATTTCC
19,VAV1,CCGTTAAAC,-,MA0777.1.MYBL2,motif_from_MA0777.1.MYBL2,False,9,6772729,barcode_location,VAV1_CCGTTAAAC
20,VAV1,CATTCCTCCACATTCC,-,MA0090.1.TEAD1,homodimer_from_MA0090.1.TEAD1,False,16,6772729,barcode_location,VAV1_CATTCCTCCACATTCC
21,VAV1,CCTCAGGGCATGCCTCAGGG,-,MA0003.2.TFAP2A,homodimer_from_MA0003.2.TFAP2A,False,20,6772729,barcode_location,VAV1_CCTCAGGGCATGCCTCAGGG
22,VAV1,CCACCAGGGGGCGCTGGCCACCAGGGGGCG,-,MA0139.1.CTCF,homodimer_from_MA0139.1.CTCF,False,30,6772729,barcode_location,VAV1_CCACCAGGGGGCGCTGGCCACCAGGGGGCG
23,VAV1,CCCCACTCCTGGTACCCCCACTCCTGGT,-,MA1715.1.ZNF707,homodimer_from_MA1715.1.ZNF707,False,28,6772729,barcode_location,VAV1_CCCCACTCCTGGTACCCCCACTCCTGGT
24,VAV1,CCAAATAAGGCAGACCAAATAAGG,-,MA0083.2.SRF,homodimer_from_MA0083.2.SRF,False,24,6772729,barcode_location,VAV1_CCAAATAAGGCAGACCAAATAAGG
25,VAV1,GGAATTTCCGGGAATTTCC,-,MA0107.1.RELA,homodimer_from_MA0107.1.RELA,False,19,6772729,barcode_location,VAV1_GGAATTTCCGGGAATTTCC
26,VAV1,CCGTTAAACGGAACCGTTAAAC,-,MA0777.1.MYBL2,homodimer_from_MA0777.1.MYBL2,False,22,6772729,barcode_location,VAV1_CCGTTAAACGGAACCGTTAAAC
27,VAV1,CATTCCTCCACATTCCTCCACATTCC,-,MA0090.1.TEAD1,homotrimer_from_MA0090.1.TEAD1,False,26,6772729,barcode_location,VAV1_CATTCCTCCACATTCCTCCACATTCC
28,VAV1,CCTCAGGGCATGCCTCAGGGCATGCCTCAGGG,-,MA0003.2.TFAP2A,homotrimer_from_MA0003.2.TFAP2A,False,32,6772729,barcode_location,VAV1_CCTCAGGGCATGCCTCAGGGCATGCCTCAGGG
29,VAV1,CCACCAGGGGGCGCTGGCCACCAGGGGGCGCTGGCCACCAGGGGGCG,-,MA0139.1.CTCF,homotrimer_from_MA0139.1.CTCF,False,47,6772729,barcode_location,VAV1_CCACCAGGGGGCGCTGGCCACCAGGGGGCGCTGGCCACCAGGGGGCG
30,VAV1,CCCCACTCCTGGTACCCCCACTCCTGGTACCCCCACTCCTGGT,-,MA1715.1.ZNF707,homotrimer_from_MA1715.1.ZNF707,False,43,6772729,barcode_location,VAV1_CCCCACTCCTGGTACCCCCACTCCTGGTACCCCCACTCCTGGT
31,VAV1,CCAAATAAGGCAGACCAAATAAGGCAGACCAAATAAGG,-,MA0083.2.SRF,homotrimer_from_MA0083.2.SRF,False,38,6772729,barcode_location,VAV1_CCAAATAAGGCAGACCAAATAAGGCAGACCAAATAAGG
32,VAV1,GGAATTTCCGGGAATTTCCGGGAATTTCC,-,MA0107.1.RELA,homotrimer_from_MA0107.1.RELA,False,29,6772729,barcode_location,VAV1_GGAATTTCCGGGAATTTCCGGGAATTTCC
33,VAV1,CCGTTAAACGGAACCGTTAAACGGAACCGTTAAAC,-,MA0777.1.MYBL2,homotrimer_from_MA0777.1.MYBL2,False,35,6772729,barcode_location,VAV1_CCGTTAAACGGAACCGTTAAACGGAACCGTTAAAC
34,VAV1,CACGAT,2.5141621796541997,,top_sequence_screen,False,6,6772729,barcode_location,VAV1_CACGAT
35,VAV1,CCGTCC,2.4979195940436574,,top_sequence_screen,False,6,6772729,barcode_location,VAV1_CCGTCC
36,VAV1,CATGGT,2.373466140902198,,top_sequence_screen,False,6,6772729,barcode_location,VAV1_CATGGT
37,VAV1,CAGCAT,2.3375122293549992,,top_sequence_screen,False,6,6772729,barcode_location,VAV1_CAGCAT
38,VAV1,GGCCAT,2.2810800114956007,,top_sequence_screen,False,6,6772729,barcode_location,VAV1_GGCCAT
39,VAV1,CATGCT,2.22513108393425,,top_sequence_screen,False,6,6772729,barcode_location,VAV1_CATGCT
40,VAV1,GAGCCC,2.1398647074043016,,top_sequence_screen,False,6,6772729,barcode_location,VAV1_GAGCCC
41,VAV1,CCGGCC,2.133931325894213,,top_sequence_screen,False,6,6772729,barcode_location,VAV1_CCGGCC
42,VAV1,GCACCC,2.12841831957619,,top_sequence_screen,False,6,6772729,barcode_location,VAV1_GCACCC
43,VAV1,GCGCTC,2.0760912213517293,,top_sequence_screen,False,6,6772729,barcode_location,VAV1_GCGCTC
44,VAV1,AAGGGC,-8.040231909436923e-05,,negative_neutral_sequence,False,6,6772729,barcode_location,VAV1_AAGGGC
45,VAV1,CAGACA,-0.00018763451452649682,,negative_neutral_sequence,False,6,6772729,barcode_location,VAV1_CAGACA
46,VAV1,GGTGAC,-0.0002156478571726031,,negative_neutral_sequence,False,6,6772729,barcode_location,VAV1_GGTGAC
47,VAV1,GTTTCA,-0.0006257914050894556,,negative_neutral_sequence,False,6,6772729,barcode_location,VAV1_GTTTCA
48,VAV1,ATAATG,0.0008828675088202245,,negative_neutral_sequence,False,6,6772729,barcode_location,VAV1_ATAATG
49,VAV1,TGCTGT,-0.0009771112943664576,,negative_neutral_sequence,False,6,6772729,barcode_location,VAV1_TGCTGT
50,VAV1,GGACTA,-0.0012173587668991084,,negative_neutral_sequence,False,6,6772729,barcode_location,VAV1_GGACTA
51,VAV1,TAGGGT,-0.0017674048098086093,,negative_neutral_sequence,False,6,6772729,barcode_location,VAV1_TAGGGT
52,VAV1,GATAGA,0.002434259108605237,,negative_neutral_sequence,False,6,6772729,barcode_location,VAV1_GATAGA
53,VAV1,AAAGTA,-0.0030408210150775425,,negative_neutral_sequence,False,6,6772729,barcode_location,VAV1_AAAGTA
54,VAV1,A,_,,negative_neutral_SNV,False,1,6772729,barcode_location,VAV1_A
55,VAV1,G,_,,negative_neutral_SNV,False,1,6772729,barcode_location,VAV1_G
56,VAV1,C,_,,negative_neutral_SNV,False,1,6772729,barcode_location,VAV1_C
57,VAV1,T,_,,negative_neutral_SNV,False,1,6772729,barcode_location,VAV1_T
58,VAV1,GGTAAG,_,,positive_splice,False,6,6772729,barcode_location,VAV1_GGTAAG
